FONTES,Forca motriz,Calor de processo,Aquecimento direto,Refrigeracao,Iluminacao,Eletroquimica,Outras,Total
Gas natural,0.000,0.000,1.000,0.000,0.000,0.000,0.000,1
Carvao metalurgico,0.000,0.000,1.000,0.000,0.000,0.000,0.000,0
Coque de carvao mineral,0.000,0.000,1.000,0.000,0.000,0.000,0.000,0
Eletricidade,0.029,0.000,0.965,0.002,0.004,0.000,0.000,1
Carvao vegetal,0.000,0.000,1.000,0.000,0.000,0.000,0.000,0
Oleo diesel,0.933279984,0,0.066720016,0,0,0,0,1
Oleo combustivel,0,0.412037237,0.587962763,0,0,0,0,1
GLP,1,0,0,0,0,0,0,1
Outras fontes secundarias,0.000,0.000,1.000,0.000,0.000,0.000,0.000,1
